web-scraper-order,web-scraper-start-url,pagelink,pagelink-href,pagelink2,pagelink2-href
"1716323825-1","https://cesta.stanford.edu/events/past-events","","","Letterpress Workshop","https://cesta.stanford.edu/events/letterpress-workshop"
"1716323825-2","https://cesta.stanford.edu/events/past-events","","","Mellon Sawyer Seminar Series: Recuperating Forgotten Narratives, Part 2 (Ayesha Hardison)","https://cesta.stanford.edu/events/mellon-sawyer-seminar-series-recuperating-forgotten-narratives-part-2-ayesha-hardison"
"1716323825-3","https://cesta.stanford.edu/events/past-events","","","Runaway Enslaved Families in Senegal: Mothers, Children, Resistance, and Vulnerabilities, 1857-1903","https://cesta.stanford.edu/events/runaway-enslaved-families-senegal-mothers-children-resistance-and-vulnerabilities-1857-1903"
"1716323825-4","https://cesta.stanford.edu/events/past-events","","","The 2024 Stanford Caribbean Studies Symposium with Professor Usha Iyer","https://cesta.stanford.edu/events/2024-stanford-caribbean-studies-symposium-professor-usha-iyer"
"1716323825-5","https://cesta.stanford.edu/events/past-events","","","How Can We Best Use Visuals and Visualizations in Our Teaching?","https://cesta.stanford.edu/events/how-can-we-best-use-visuals-and-visualizations-our-teaching"
"1716323825-6","https://cesta.stanford.edu/events/past-events","","","CESTA Digital Humanities Luncheon","https://cesta.stanford.edu/events/cesta-digital-humanities-luncheon"
"1716323825-7","https://cesta.stanford.edu/events/past-events","","","Six Theses on an Aesthetics of Always-On Computing","https://cesta.stanford.edu/events/six-theses-aesthetics-always-computing"
"1716323825-8","https://cesta.stanford.edu/events/past-events","","","Elaine A. Sullivan: Sacred Vision at Saqqara: Reimagining the sensorium of the dead at an ancient Egyptian necropolis in 3D","https://cesta.stanford.edu/events/elaine-sullivan-sacred-vision-saqqara-reimagining-sensorium-dead-ancient-egyptian-necropolis"
"1716323825-9","https://cesta.stanford.edu/events/past-events","","","Mellon Sawyer Seminar Series: Data of Enslavement (Lauren Klein, Alex Borucki, and Gregory O'Malley)","https://cesta.stanford.edu/events/mellon-sawyer-seminar-series-data-enslavement-lauren-klein-alex-borucki-and-gregory-0"
"1716323825-10","https://cesta.stanford.edu/events/past-events","","","Mellon Sawyer Seminar Series: Data of Enslavement (Lauren Klein, Alex Borucki, and Gregory O'Malley)","https://cesta.stanford.edu/events/mellon-sawyer-seminar-series-data-enslavement-lauren-klein-alex-borucki-and-gregory-omalley"
"1716323825-11","https://cesta.stanford.edu/events/past-events","","","""Future Horizons"": Lightning Talks for New DH Projects","https://cesta.stanford.edu/events/future-horizons-lightning-talks-new-dh-projects"
"1716323825-12","https://cesta.stanford.edu/events/past-events","","","Brunch with Professor Alex Borucki (UCI)","https://cesta.stanford.edu/events/brunch-professor-alex-borucki-uci"
"1716323825-13","https://cesta.stanford.edu/events/past-events","","","Data Feminism for AI","https://cesta.stanford.edu/events/data-feminism-ai"
"1716323825-14","https://cesta.stanford.edu/events/past-events","","","Data Feminism for AI","https://cesta.stanford.edu/events/data-feminism-ai-0"
"1716323825-15","https://cesta.stanford.edu/events/past-events","","","Data Feminism Reading Group","https://cesta.stanford.edu/events/data-feminism-reading-group-0"
"1716323825-16","https://cesta.stanford.edu/events/past-events","","","Global Horizons for the Digital and Public Humanities","https://cesta.stanford.edu/events/global-horizons-digital-and-public-humanities"
"1716323825-17","https://cesta.stanford.edu/events/past-events","","","Using Wikipedia to Understand the Digital Global Public Sphere and Its Discontents: The Case of ‘Cancel Culture’","https://cesta.stanford.edu/events/using-wikipedia-understand-digital-global-public-sphere-and-its-discontents-case-cancel"
"1716323825-18","https://cesta.stanford.edu/events/past-events","","","Mellon Sawyer Seminar Series: Catastrophe, Data, and Transformation (Dagomar Degroot and Jessica Otis)","https://cesta.stanford.edu/events/mellon-sawyer-seminar-series-catastrophe-data-and-transformation-dagomar-degroot-and-jessica"
"1716323825-19","https://cesta.stanford.edu/events/past-events","","","Coffee, Cookies, Computers: Data Structures and Mathematics in the Humanities","https://cesta.stanford.edu/events/coffee-cookies-computers-data-structures-and-mathematics-humanities-0"
"1716323825-20","https://cesta.stanford.edu/events/past-events","","","Coffee, Cookies, Computers: Data Structures and Mathematics in the Humanities","https://cesta.stanford.edu/events/coffee-cookies-computers-data-structures-and-mathematics-humanities"
"1716323825-21","https://cesta.stanford.edu/events/past-events","","","SRC Fellowship Info Session","https://cesta.stanford.edu/events/src-fellowship-info-session"
"1716323825-22","https://cesta.stanford.edu/events/past-events","","","""Data Feminism"" Reading Group","https://cesta.stanford.edu/events/data-feminism-reading-group"
"1716323825-23","https://cesta.stanford.edu/events/past-events","","","Mellon Sawyer Seminar Series: Recuperating Forgotten Narratives (Marlene Daut)","https://cesta.stanford.edu/events/mellon-sawyer-seminar-series-recuperating-forgotten-narratives-marlene-daut-0"
"1716323825-24","https://cesta.stanford.edu/events/past-events","","","Haifeng Hui: Topic modeling and BookNLP: Seeking the emotional turn in the history of eighteenth-century English fiction","https://cesta.stanford.edu/events/haifeng-hui-topic-modeling-and-booknlp-seeking-emotional-turn-history-eighteenth-century"
"1716323825-25","https://cesta.stanford.edu/events/past-events","","","Debabelization: Language, Literature, and Computational Culture","https://cesta.stanford.edu/events/debabelization-language-literature-and-computational-culture"
"1716323825-26","https://cesta.stanford.edu/events/past-events","","","Genealogy, Islam, and Sorcery in Post-abolition Brazil: Digital Humanities Methods for African Diaspora Histories","https://cesta.stanford.edu/events/genealogy-islam-and-sorcery-post-abolition-brazil-digital-humanities-methods-african"
"1716323825-27","https://cesta.stanford.edu/events/past-events","","","Roundtable on Digital Environmental Humanities","https://cesta.stanford.edu/events/roundtable-digital-environmental-humanities-0"
"1716323825-28","https://cesta.stanford.edu/events/past-events","","","Roundtable on Digital Environmental Humanities","https://cesta.stanford.edu/events/roundtable-digital-environmental-humanities"
"1716323825-29","https://cesta.stanford.edu/events/past-events","","","[POSTPONED] Mellon Sawyer Seminar Series: Recuperating Forgotten Narratives (Marlene Daut and Ayesha Hardison)","https://cesta.stanford.edu/events/postponed-mellon-sawyer-seminar-series-recuperating-forgotten-narratives-marlene-daut-and"
"1716323825-30","https://cesta.stanford.edu/events/past-events","","","Digital Humanities Minor Open House Luncheon","https://cesta.stanford.edu/events/digital-humanities-minor-open-house-luncheon-0"
"1716323825-31","https://cesta.stanford.edu/events/past-events","","","Digital Humanities Minor Open House Luncheon","https://cesta.stanford.edu/events/digital-humanities-minor-open-house-luncheon"
"1716323825-32","https://cesta.stanford.edu/events/past-events","","","Sawyer DH Reading Group with Anne Ladyem McDivitt","https://cesta.stanford.edu/events/sawyer-dh-reading-group-anne-ladyem-mcdivitt"
"1716323825-33","https://cesta.stanford.edu/events/past-events","","","The Sawyer Graduate Reading Group","https://cesta.stanford.edu/events/sawyer-graduate-reading-group"
"1716323825-34","https://cesta.stanford.edu/events/past-events","","","Mellon Sawyer Seminar Series: Challenging 19th Century Data Legacies (Jo Guldi & Erik Fredner)","https://cesta.stanford.edu/events/mellon-sawyer-seminar-series-challenging-19th-century-data-legacies-jo-guldi-erik-fredner"
"1716323825-35","https://cesta.stanford.edu/events/past-events","","","Coffee, Cookies, Computers","https://cesta.stanford.edu/events/coffee-cookies-computers-0"
"1716323825-36","https://cesta.stanford.edu/events/past-events","","","Coffee, Cookies, Computers: Text Mining and NLP","https://cesta.stanford.edu/events/coffee-cookies-computers-text-mining-and-nlp"
"1716323825-37","https://cesta.stanford.edu/events/past-events","","","Coffee, Cookies, Computers","https://cesta.stanford.edu/events/coffee-cookies-computers"
"1716323825-38","https://cesta.stanford.edu/events/past-events","","","Mellon Sawyer Seminar Series: Transformation in the Archives (Alisea McLeod and Bethany Nowviskie)","https://cesta.stanford.edu/events/mellon-sawyer-seminar-series-transformation-archives-alisea-mcleod-and-bethany-nowviskie"
"1716323825-39","https://cesta.stanford.edu/events/past-events","","","Amy Nelson Burnett: What Social Network Analysis Can Tell Us About German Humanism","https://cesta.stanford.edu/events/amy-nelson-burnett-what-social-network-analysis-can-tell-us-about-german-humanism"
"1716323825-40","https://cesta.stanford.edu/events/past-events","","","Coffee Break at CESTA (December)","https://cesta.stanford.edu/events/coffee-break-cesta-december"
"1716323825-41","https://cesta.stanford.edu/events/past-events","","","Mellon Sawyer Seminar Series: Counting Before Computation - Brad Pasanek with a response by Matt Warner","https://cesta.stanford.edu/events/mellon-sawyer-seminar-series-counting-computation-brad-pasanek-response-matt-warner"
"1716323825-42","https://cesta.stanford.edu/events/past-events","","","Evelyn Gius and Svenja Guhr: Introduction to CATMA 7 - Software for Digital Text Annotation and Analysis","https://cesta.stanford.edu/events/evelyn-gius-and-svenja-guhr-introduction-catma-7-software-digital-text-annotation"
"1716323825-43","https://cesta.stanford.edu/events/past-events","","","Svenja Guhr: Sound in 19th Century Fiction","https://cesta.stanford.edu/events/svenja-guhr-sound-19th-century-fiction"
"1716323825-44","https://cesta.stanford.edu/events/past-events","","","Maurice Lee and Brad Rittenhouse: Experimenting with Emerson","https://cesta.stanford.edu/events/maurice-lee-and-brad-rittenhouse-experimenting-emerson"
"1716323825-45","https://cesta.stanford.edu/events/past-events","","","Mellon Sawyer Seminar Series: The Place of Data (Alan Liu and Roopika Risam)","https://cesta.stanford.edu/events/mellon-sawyer-seminar-series-place-data-alan-liu-and-roopika-risam"
"1716323825-46","https://cesta.stanford.edu/events/past-events","","","Coffee Break at CESTA (November)","https://cesta.stanford.edu/events/coffee-break-cesta-november"
"1716323825-47","https://cesta.stanford.edu/events/past-events","","","Estelle Freedman and Natalie Marine-Street: Data Mining, Meta-Data, Encoding, and More: Mixed Methods Analyses of Oral History Narratives","https://cesta.stanford.edu/events/estelle-freedman-and-natalie-marine-street-data-mining-meta-data-encoding-and-more-mixed"
"1716323825-48","https://cesta.stanford.edu/events/past-events","","","Lunch & Learn: The CESTA DH Fellows Program","https://cesta.stanford.edu/events/lunch-and-learn-cesta-dh-fellows-program"
"1716323825-49","https://cesta.stanford.edu/events/past-events","","","Coffee Break at CESTA (October)","https://cesta.stanford.edu/events/coffee-break-cesta-october"
"1716323825-50","https://cesta.stanford.edu/events/past-events","","","Alex Sherman: Four Theses on the Real and Imaginary British Empire, 1697-1829","https://cesta.stanford.edu/events/alex-sherman-four-theses-real-and-imaginary-british-empire-1697-1829"
"1716323825-51","https://cesta.stanford.edu/events/past-events","","","CESTA Digital Humanities Research Showcase 2023","https://cesta.stanford.edu/events/cesta-digital-humanities-research-showcase-2023"
"1716323825-52","https://cesta.stanford.edu/events/past-events","","","Critical Data Practices: Dr. Michele Mauri in conversation with Lindsay King, Beleicia Bullock, and CESTA-affiliated faculty","https://cesta.stanford.edu/events/critical-data-practices-michele-mauri"
"1716323825-53","https://cesta.stanford.edu/events/past-events","","","Elisabetta Scirocco: Mapping Sacred Spaces in Medieval Southern Italy","https://cesta.stanford.edu/events/elisabetta-scirocco-mapping-sacred-spaces-medieval-southern-italy"
"1716323825-54","https://cesta.stanford.edu/events/past-events","","","Seminar: Rethinking the Long Eighteenth Century: Social, Literary, and Political History in Pre- and Post-Revolutionary France","https://cesta.stanford.edu/events/seminar-rethinking-long-eighteenth-century"
"1716323825-55","https://cesta.stanford.edu/events/past-events","","","Saving Ukrainian Cultural Heritage Online: Socially-Engaged Digital Humanities","https://cesta.stanford.edu/events/saving-ukrainian-cultural-heritage-online-socially-engaged-digital-humanities"
"1716323825-56","https://cesta.stanford.edu/events/past-events","","","Tea Time at CESTA","https://cesta.stanford.edu/events/tea-time-cesta-0"
"1716323825-57","https://cesta.stanford.edu/events/past-events","","","Critical Data Practices: A Conversation with Deb Morrison","https://cesta.stanford.edu/events/critical-data-practices-conversation-deb-morrison"
"1716323825-58","https://cesta.stanford.edu/events/past-events","","","Know Systemic Racism: Was the police killing of Oscar Grant justified? How do we change the question?","https://cesta.stanford.edu/events/know-systemic-racism-was-police-killing-oscar-grant-justified-how-do-we-change-question"
"1716323825-59","https://cesta.stanford.edu/events/past-events","","","7th Annual Berkeley-Stanford Graduate Symposium: In-Between: Art & Cultural Practices From Here","https://cesta.stanford.edu/events/7th-annual-berkeley-stanford-graduate-symposium-between-art-cultural-practices-here"
"1716323825-60","https://cesta.stanford.edu/events/past-events","","","CESTA/CIDR DH Lightning Talks","https://cesta.stanford.edu/events/cestacidr-dh-lightning-talks"
"1716323825-61","https://cesta.stanford.edu/events/past-events","","","Machine Reading Maps Summit","https://cesta.stanford.edu/events/machine-reading-maps-summit"
"1716323825-62","https://cesta.stanford.edu/events/past-events","","","David Sebastiani: Plotting the Unknown: Reading Networks in the Early Modern Mediterranean","https://cesta.stanford.edu/events/david-sebastiani-plotting-unknown-reading-networks-early-modern-mediterranean"
"1716323825-63","https://cesta.stanford.edu/events/past-events","","","Tea Time at CESTA","https://cesta.stanford.edu/events/tea-time-cesta"
"1716323825-64","https://cesta.stanford.edu/events/past-events","","","Watch Party: MSU Global DH Symposium","https://cesta.stanford.edu/events/watch-party-msu-global-dh-symposium"
"1716323825-65","https://cesta.stanford.edu/events/past-events","","","Jo Guldi: Validating Quantitative Findings About History","https://cesta.stanford.edu/events/jo-guldi-validating-quantitative-findings-about-history"
"1716323825-66","https://cesta.stanford.edu/events/past-events","","","Anna Bigelow: Storymapping Shared Sacred Sites: A Work/Site in Progress","https://cesta.stanford.edu/events/anna-bigelow-storymapping-shared-sacred-sites-worksite-progress"
"1716323825-67","https://cesta.stanford.edu/events/past-events","","","Simone Abbiati: Digital Sorrow: IRA Terrorism in fiction through the lens of Computational Literary Studies","https://cesta.stanford.edu/events/simone-abbiati-digital-sorrow-ira-terrorism-fiction-through-lens-computational-literary"
"1716323825-68","https://cesta.stanford.edu/events/past-events","","","Fyza Parviz Jazra, Nelson Shuchmacher Endebo, and Ellis Schriefer: Building EdTech from the Inside Out: Challenges and Opportunities of EpicConnect","https://cesta.stanford.edu/events/fyza-parviz-jazra-nelson-shuchmacher-endebo-and-ellis-schriefer-building-edtech-inside-out"
"1716323825-69","https://cesta.stanford.edu/events/past-events","","","Christine Philliou and Firuzan Melike Sümertaş; Hiding in Plain Sight: The İstanΠόλις  Collaborative, Reconstructing the Greek Community of 19th and early 20th century Istanbul","https://cesta.stanford.edu/events/christine-philliou-and-firuzan-melike-sumertas-hiding-plain-sight-istanpolis-collaborative"
"1716323825-70","https://cesta.stanford.edu/events/past-events","","","Maciej Kurzynski: Words Close to Heart: A Techno-Cognitive Approach to Interiority in Modern Chinese Literature","https://cesta.stanford.edu/events/maciej-kurzynski-words-close-heart-techno-cognitive-approach-interiority-modern-chinese"
"1716323825-71","https://cesta.stanford.edu/events/past-events","","","Mateusz Fafinski: The Past is not just a Graph: Doing Digital History Today","https://cesta.stanford.edu/events/mateusz-fafinski-past-not-just-graph-doing-digital-history-today"
"1716323825-72","https://cesta.stanford.edu/events/past-events","","","Erik Steiner: ""The Spatial History Project: Reflections and Directions""","https://cesta.stanford.edu/events/erik-steiner-spatial-history-project-reflections-and-directions"
"1716323825-73","https://cesta.stanford.edu/events/past-events","","","Open House: Undergraduate Research Internship Program","https://cesta.stanford.edu/events/open-house-undergraduate-research-internship-program"
"1716323825-74","https://cesta.stanford.edu/events/past-events","","","Evelyn Gius: Structure as Meaning? Conflict as a Text Feature in German Literature","https://cesta.stanford.edu/events/evelyn-gius-structure-meaning-conflict-text-feature-german-literature"
"1716323825-75","https://cesta.stanford.edu/events/past-events","","","Anne Ladyem McDivitt: ""Digital Storytelling and Accessibility of Digital Humanities""","https://cesta.stanford.edu/events/anne-ladyem-mcdivitt-digital-storytelling-and-accessibility-digital-humanities"
"1716323825-76","https://cesta.stanford.edu/events/past-events","","","Ran Abramitzky: Streets of Gold: America’s Untold Story of Immigrant Success","https://cesta.stanford.edu/events/ran-abramitzky-streets-gold-americas-untold-story-immigrant-success"
"1716323825-77","https://cesta.stanford.edu/events/past-events","","","Early Modern Recipe Online Collective Transcribathon","https://cesta.stanford.edu/events/early-modern-recipe-online-collective-transcribathon"
"1716323825-78","https://cesta.stanford.edu/events/past-events","","","Stewart Brookes: Getting Digital on Medieval Manuscripts","https://cesta.stanford.edu/events/stewart-brookes-getting-digital-medieval-manuscripts"
"1716323825-79","https://cesta.stanford.edu/events/past-events","","","Svenja Guhr: Introduction to CATMA 6 - Software for Digital Text Annotation and Analysis","https://cesta.stanford.edu/events/svenja-guhr-introduction-catma-6-software-digital-text-annotation-and-analysis"
"1716323825-80","https://cesta.stanford.edu/events/past-events","","","Will Fenton: Ghost River: From Colonial Past to Native Present","https://cesta.stanford.edu/events/will-fenton-ghost-river-colonial-past-native-present"
"1716323825-81","https://cesta.stanford.edu/events/past-events","","","New Horizons in DH: Research Presentations and Roundtable Discussion","https://cesta.stanford.edu/events/new-horizons-dh-research-presentations-and-roundtable-discussion"
"1716323825-82","https://cesta.stanford.edu/events/past-events","","","New Horizons in DH: Roundtable with guests from the Venice Center for Digital and Public Humanities","https://cesta.stanford.edu/events/new-horizons-dh-roundtable-guests-venice-center-digital-and-public-humanities"
"1716323825-83","https://cesta.stanford.edu/events/past-events","","","Nora Barakat and David Wrisley: ""Beyond the National Archive: Digital Futures for Gulf Studies""","https://cesta.stanford.edu/events/nora-barakat-and-david-wrisley-beyond-national-archive-digital-futures-gulf-studies"
"1716323825-84","https://cesta.stanford.edu/events/past-events","","","CESTA Open House: DH and Graduate Studies at Stanford and Beyond (with Mark Algee-Hewitt, Will Fenton, Alix Keener)","https://cesta.stanford.edu/events/cesta-open-house-dh-and-graduate-studies-stanford-and-beyond-mark-algee-hewitt-will-fenton"
"1716323825-85","https://cesta.stanford.edu/events/past-events","","","Critical Data Practices Symposium","https://cesta.stanford.edu/events/critical-data-practices-symposium"
"1716323825-86","https://cesta.stanford.edu/events/past-events","","","Opening Session of Critical Data Practices Symposium","https://cesta.stanford.edu/events/opening-session-critical-data-practices-symposium"
"1716323825-87","https://cesta.stanford.edu/events/past-events","","","Computation and Culture in the Era of Digital Media: a transdisciplinary roundtable","https://cesta.stanford.edu/events/computation-and-culture-era-digital-media-transdisciplinary-roundtable"
"1716323825-88","https://cesta.stanford.edu/events/past-events","","","Richard Jean So: ""How a Pandemic Becomes a Story. Narrative and Social Crisis in the Platform Age""","https://cesta.stanford.edu/events/richard-jean-so-how-pandemic-becomes-story-narrative-and-social-crisis-platform-age"
"1716323825-89","https://cesta.stanford.edu/events/past-events","","","Jessie Loyer: ""Indigenous Relationality in Digital Spaces""","https://cesta.stanford.edu/events/jessie-loyer-indigenous-relationality-digital-spaces"
"1716323825-90","https://cesta.stanford.edu/events/past-events","","","CESTA Digital Humanities Research Showcase 2022","https://cesta.stanford.edu/events/showcase-2022"
"1716323825-91","https://cesta.stanford.edu/events/past-events","","","Luca Scholz: ""A Distant Reading of Law Dissertations""","https://cesta.stanford.edu/events/luca-scholz-distant-reading-law-dissertations"
"1716323825-92","https://cesta.stanford.edu/events/past-events","","","Tim Williams: ""Central Asia and the Role of Digital Heritage Inventories""","https://cesta.stanford.edu/events/tim-williams-central-asia-and-role-digital-heritage-inventories"
"1716323825-93","https://cesta.stanford.edu/events/past-events","","","Tyler Kynn: ""On the Road to Mecca: Simulating the Ottoman Hajj""","https://cesta.stanford.edu/events/tyler-kynn-road-mecca-simulating-ottoman-hajj"
"1716323825-94","https://cesta.stanford.edu/events/past-events","","","Cynthia Bennett : ""Centering People in Information Translation""","https://cesta.stanford.edu/events/cynthia-bennett-centering-people-information-translation"
"1716323825-95","https://cesta.stanford.edu/events/past-events","","","Roopika Risam: ""Transnational Digital Humanities in the Digital Black Atlantic""","https://cesta.stanford.edu/events/roopika-risam-transnational-digital-humanities-digital-black-atlantic"
"1716323825-96","https://cesta.stanford.edu/events/past-events","","","CESTA Seminar: Nicholas Giudice on ""Improving Accessibility of Maps and Graphics: Promoting Inclusion Through Multisensory Visualizations""","https://cesta.stanford.edu/events/cesta-seminar-nicholas-giudice-improving-accessibility-maps-and-graphics-promoting-inclusion"
"1716323825-97","https://cesta.stanford.edu/events/past-events","","","Nicholas Giudice","https://cesta.stanford.edu/events/nicholas-giudice"
"1716323825-98","https://cesta.stanford.edu/events/past-events","","","DH Careers: Beyond Academia","https://cesta.stanford.edu/events/dh-careers-beyond-academia"
"1716323825-99","https://cesta.stanford.edu/events/past-events","","","Ale Pålsson and Victor Wilson: ""Swedish Caribbean Colonialism 1784–1878: Research, Challenges and Opportunities for Caribbean Digital History""","https://cesta.stanford.edu/events/ale-palsson-and-victor-wilson-swedish-caribbean-colonialism-1784-1878-research-challenges"
"1716323825-100","https://cesta.stanford.edu/events/past-events","","","Mark Algee-Hewitt: ""Re-Formations: Visualizing Complex Concept Spaces in the Eighteenth Century""","https://cesta.stanford.edu/events/mark-algee-hewitt-re-formations-visualizing-complex-concept-spaces-eighteenth-century"
"1716323825-101","https://cesta.stanford.edu/events/past-events","","","Felicia Smith, Nicole Coleman, Gabriela Basel, and Akosua Kissi: ""Introducing the 'Know Systemic Racism' Project""","https://cesta.stanford.edu/events/felicia-smith-nicole-coleman-gabriela-basel-and-akosua-kissi-introducing-know-systemic"
"1716323825-102","https://cesta.stanford.edu/events/past-events","","","Grant Parker: ""Curating Enslaved Pasts of the Cape of Good Hope""","https://cesta.stanford.edu/events/grant-parker-curating-enslaved-pasts-cape-good-hope-0"
"1716323825-103","https://cesta.stanford.edu/events/past-events","","","Grant Parker: ""Curating Enslaved Pasts of the Cape of Good Hope""","https://cesta.stanford.edu/events/grant-parker-curating-enslaved-pasts-cape-good-hope"
"1716323825-104","https://cesta.stanford.edu/events/past-events","","","Sylvester Johnson: ""Could a Robot Feel Pain? Race, Technology, and the Political Problem of Personhood""","https://cesta.stanford.edu/events/sylvester-johnson-could-robot-feel-pain-race-technology-and-political-problem-personhood"
"1716323825-105","https://cesta.stanford.edu/events/past-events","","","Centering People in Information Translation","https://cesta.stanford.edu/events/centering-people-information-translation"
"1716323825-106","https://cesta.stanford.edu/events/past-events","","","Mark Ravina: ""Rethinking Borders in a Digital Age""","https://cesta.stanford.edu/events/mark-ravina-rethinking-borders-digital-age"
"1716323825-107","https://cesta.stanford.edu/events/past-events","","","Nirmala Menon: ""Decolonizing Knowledge Infrastructures: Open Access and Multilingual Scholarly Publishing""","https://cesta.stanford.edu/events/nirmala-menon-decolonizing-knowledge-infrastructures-open-access-and-multilingual-scholarly"
"1716323825-108","https://cesta.stanford.edu/events/past-events","","","Mateusz Fafinski and Elaine Treharne: ""Networks of Memory: Automating Script in Time and Space""","https://cesta.stanford.edu/events/mateusz-fafinski-and-elaine-treharne-networks-memory-automating-script-time-and-space"
"1716323825-109","https://cesta.stanford.edu/events/past-events","","","Leo Barleta: “Simulating the Past: Agent-Based Modeling and Environmental Change in Early Brazil”","https://cesta.stanford.edu/events/leo-barleta-simulating-past-agent-based-modeling-and-environmental-change-early-brazil"
"1716323825-110","https://cesta.stanford.edu/events/past-events","","","DH Careers: Beyond the Professoriate","https://cesta.stanford.edu/events/dh-careers-beyond-professoriate"
"1716323825-111","https://cesta.stanford.edu/events/past-events","","","Angèle Christin: ""Algorithms in Practice""","https://cesta.stanford.edu/events/angele-christin-algorithms-practice"
"1716323825-112","https://cesta.stanford.edu/events/past-events","","","Cecil Brown and Tylar Campbell: “Liberty: Revival of African American Folk Culture in the Age of Digital Technology""","https://cesta.stanford.edu/events/cecil-brown-and-tylar-campbell-liberty-revival-african-american-folk-culture-age-digital"
"1716323825-113","https://cesta.stanford.edu/events/past-events","","","Eric Harvey: ""Beyond Compliance: Thinking Accessibly about the Digital Humanities""","https://cesta.stanford.edu/events/eric-harvey-beyond-compliance-thinking-accessibly-about-digital-humanities"
"1716323825-114","https://cesta.stanford.edu/events/past-events","","","Yuliya Ilchuk: ""The Network Shape of the Russian Novel""","https://cesta.stanford.edu/events/yuliya-ilchuk-network-shape-russian-novel"
"1716323825-115","https://cesta.stanford.edu/events/past-events","","","Ato Quayson: ""Urban Studies and the Practice of Theory""","https://cesta.stanford.edu/events/ato-quayson-urban-studies-and-practice-theory"
"1716323825-116","https://cesta.stanford.edu/events/past-events","","","Agnieszka Backman: ""Reframing and Truthfulness in the Digital Repository""","https://cesta.stanford.edu/events/agnieszka-backman-reframing-and-truthfulness-digital-repository"
"1716323825-117","https://cesta.stanford.edu/events/past-events","","","Destin Jenkins: ""The Business of Debt: A Digital Investigation of Municipal Bonds and Inequality""","https://cesta.stanford.edu/events/destin-jenkins-business-debt-digital-investigation-municipal-bonds-and-inequality"
"1716323825-118","https://cesta.stanford.edu/events/past-events","","","[POSTPONED] HAI's ""Concept Time Machine"" research group on work in progress","https://cesta.stanford.edu/events/postponed-hais-concept-time-machine-research-group-work-progress"
"1716323825-119","https://cesta.stanford.edu/events/past-events","","","Kat Reischl: ""Soviet Illustrated Periodicals as Data""","https://cesta.stanford.edu/events/kat-reischl-soviet-illustrated-periodicals-data"
"1716323825-120","https://cesta.stanford.edu/events/past-events","","","DH Careers Series: Panel on Navigating the Faculty Job Market with DH","https://cesta.stanford.edu/events/dh-careers-series-panel-navigating-faculty-job-market-dh"
"1716323825-121","https://cesta.stanford.edu/events/past-events","","","Eric Harvey: ""Variance, Population Thinking, Text-Concepts: The Use of Data in Conceptualizing Hebrew Psalms Literature""","https://cesta.stanford.edu/events/eric-harvey-variance-population-thinking-text-concepts-use-data-conceptualizing-hebrew"
"1716323825-122","https://cesta.stanford.edu/events/past-events","","","DH Long View Seminar Series: Mark Algee-Hewitt on ""Laboratory Life in the Humanities: Computation, Criticism, and Collaboration""","https://cesta.stanford.edu/events/dh-long-view-seminar-series-mark-algee-hewitt-laboratory-life-humanities-computation"
"1716323825-123","https://cesta.stanford.edu/events/past-events","","","Virtual Book Talk: Cameron Blevins and ""Paper Trails""","https://cesta.stanford.edu/events/virtual-book-talk-cameron-blevins-and-paper-trails"
"1716323825-124","https://cesta.stanford.edu/events/past-events","","","Arabic Books and Astronomy in Seventeenth Century Oxford","https://cesta.stanford.edu/events/arabic-books-and-astronomy-seventeenth-century-oxford"
"1716323825-125","https://cesta.stanford.edu/events/past-events","","","Digital Humanities Research Symposium","https://cesta.stanford.edu/events/digital-humanities-research-symposium"
"1716323825-126","https://cesta.stanford.edu/events/past-events","","","DH Long View Seminar: Valérie Schafer (University of Luxembourg) and Jane Winters (School of Advanced Study, University of London) on ""Web Archives Long View""","https://cesta.stanford.edu/events/dh-long-view-seminar-valerie-schafer-university-luxembourg-and-jane-winters-school-advanced"
"1716323825-127","https://cesta.stanford.edu/events/past-events","","","Adrien Zakar (Stanford) on ""CISTERN: Database of Geographical Knowledge in the Ottoman World""","https://cesta.stanford.edu/events/adrien-zakar-stanford-cistern-database-geographical-knowledge-ottoman-world"
"1716323825-128","https://cesta.stanford.edu/events/past-events","","","May Finding and Using Maps Online Workshop","https://cesta.stanford.edu/events/may-finding-and-using-maps-online-workshop"
"1716323825-129","https://cesta.stanford.edu/events/past-events","","","Mark Algee-Hewitt (Stanford), Anna Mukamal (Stanford), Lisa Mendelman (Menlo College), and Kendra Terry (Adelphi University) present ""Therapy Texts""","https://cesta.stanford.edu/events/mark-algee-hewitt-stanford-anna-mukamal-stanford-lisa-mendelman-menlo-college-and-kendra"
"1716323825-130","https://cesta.stanford.edu/events/past-events","","","DH Long View Seminar Series: Amy Earhart (Texas A&M University) on ""Complicating the whiteness of Digital Humanities: The Deep History of Black DH""","https://cesta.stanford.edu/events/dh-long-view-seminar-series-amy-earhart-texas-am-university-complicating-whiteness-digital"
"1716323825-131","https://cesta.stanford.edu/events/past-events","","","Marcelo Balaban (University of Brasilia) on ""Counting Images: Creating a Database of Black Characters from Imperial Rio de Janeiro's Illustrated Press""","https://cesta.stanford.edu/events/marcelo-balaban-university-brasilia-counting-images-creating-database-black-characters"
"1716323825-132","https://cesta.stanford.edu/events/past-events","","","Building & Curating Data for ML: Digital Tools and Methods for Humanities and Social Sciences","https://cesta.stanford.edu/events/building-curating-data-ml-digital-tools-and-methods-humanities-and-social-sciences"
"1716323825-133","https://cesta.stanford.edu/events/past-events","","","Nora Barakat (Stanford) and David Joseph Wrisley (NYU Abi Dhabi) on ""OpenGulf: Creating Digital Research Infrastructures for Gulf Studies""","https://cesta.stanford.edu/events/nora-barakat-stanford-and-david-joseph-wrisley-nyu-abi-dhabi-opengulf-creating-digital"
"1716323825-134","https://cesta.stanford.edu/events/past-events","","","Carpentries @ Stanford - Python Images and Data Science","https://cesta.stanford.edu/events/carpentries-stanford-python-images-and-data-science"
"1716323825-135","https://cesta.stanford.edu/events/past-events","","","DH Long View Seminar Series: Scott Weingart and Nickoal Eichmann-Kalwara on ""A Look Backwards Through the Index of Digital Humanities Conferences""","https://cesta.stanford.edu/events/dh-long-view-seminar-series-scott-weingart-and-nickoal-eichmann-kalwara-look-backwards"
"1716323825-136","https://cesta.stanford.edu/events/past-events","","","Machine Learning with Python: Digital Tools and Methods for Humanities and Social Sciences","https://cesta.stanford.edu/events/machine-learning-python-digital-tools-and-methods-humanities-and-social-sciences"
"1716323825-137","https://cesta.stanford.edu/events/past-events","","","Carpentries @ Stanford - R Visualization","https://cesta.stanford.edu/events/carpentries-stanford-r-visualization"
"1716323825-138","https://cesta.stanford.edu/events/past-events","","","Carpentries @ Stanford - Python Introduction","https://cesta.stanford.edu/events/carpentries-stanford-python-introduction"
"1716323825-139","https://cesta.stanford.edu/events/past-events","","","ProQuest TDM (Text & Data Mining) Studio: Digital Tools and Methods for Humanities and Social Sci","https://cesta.stanford.edu/events/proquest-tdm-text-data-mining-studio-digital-tools-and-methods-humanities-and-social-sci"
"1716323825-140","https://cesta.stanford.edu/events/past-events","","","Lightning Talks with CIDR","https://cesta.stanford.edu/events/lightning-talks-cidr"
"1716323825-141","https://cesta.stanford.edu/events/past-events","","","April Finding and Using Maps Online Workshop","https://cesta.stanford.edu/events/april-finding-and-using-maps-online-workshop"
"1716323825-142","https://cesta.stanford.edu/events/past-events","","","Intro to R: Digital Tools and Methods for Humanities and Social Sciences","https://cesta.stanford.edu/events/intro-r-digital-tools-and-methods-humanities-and-social-sciences"
"1716323825-143","https://cesta.stanford.edu/events/past-events","","","DH Long View Seminar Series: Quinn Dombrowski on ""Humanités numériques, цифровые гуманитарные науки, デジタル・ヒューマニティーズ: Histories and Futures of Linguistic Diversity in DH""","https://cesta.stanford.edu/events/dh-long-view-seminar-series-quinn-dombrowski-humanites-numeriques-cifrovye-gumanitarnye"
"1716323825-144","https://cesta.stanford.edu/events/past-events","","","Introduction to Python: Digital Tools and Methods for Humanities and Social Sciences","https://cesta.stanford.edu/events/introduction-python-digital-tools-and-methods-humanities-and-social-sciences"
"1716323825-145","https://cesta.stanford.edu/events/past-events","","","Graduate Professionalization Workshop for Digital Humanists with Claude Willan","https://cesta.stanford.edu/events/graduate-professionalization-workshop-digital-humanists-claude-willan"
"1716323825-146","https://cesta.stanford.edu/events/past-events","","","Text Technologies Workshop with Benedetta Bessi on Mapping the Aegean","https://cesta.stanford.edu/events/text-technologies-workshop-benedetta-bessi-mapping-aegean"
"1716323825-147","https://cesta.stanford.edu/events/past-events","","","Prof. Elaine Treharne: Near and Far: Medieval Manuscripts Through Digital Time and Space","https://cesta.stanford.edu/events/prof-elaine-treharne-near-and-far-medieval-manuscripts-through-digital-time-and-space"
"1716323825-148","https://cesta.stanford.edu/events/past-events","","","Lightning Talks with CIDR","https://cesta.stanford.edu/events/lightning-talks-cidr-0"
"1716323825-149","https://cesta.stanford.edu/events/past-events","","","February Finding and Using Maps Online Workshop","https://cesta.stanford.edu/events/february-finding-and-using-maps-online-workshop"
"1716323825-150","https://cesta.stanford.edu/events/past-events","","","Data Wrangling with R : Digital Tools and Methods for Humanities and Social Sciences","https://cesta.stanford.edu/events/data-wrangling-r-digital-tools-and-methods-humanities-and-social-sciences"
"1716323825-151","https://cesta.stanford.edu/events/past-events","","","Zephyr Frank on 'Digital Humanities and Spatial History: Atlantic World Stories'","https://cesta.stanford.edu/events/zephyr-frank-digital-humanities-and-spatial-history-atlantic-world-stories"
"1716323825-152","https://cesta.stanford.edu/events/past-events","","","Text Analysis with Python : Digital Tools and Methods for Humanities and Social Sciences","https://cesta.stanford.edu/events/text-analysis-python-digital-tools-and-methods-humanities-and-social-sciences"
"1716323825-153","https://cesta.stanford.edu/events/past-events","","","Feb 9: Jessica Johnson on Digital Humanities Against Enclosure","https://cesta.stanford.edu/events/feb-9-jessica-johnson-digital-humanities-against-enclosure"
"1716323825-154","https://cesta.stanford.edu/events/past-events","","","Transkribus: Digital Tools and Methods for Humanities and Social Sciences","https://cesta.stanford.edu/events/transkribus-digital-tools-and-methods-humanities-and-social-sciences"
"1716323825-155","https://cesta.stanford.edu/events/past-events","","","Georeferencing in QGIS","https://cesta.stanford.edu/events/georeferencing-qgis"
"1716323825-156","https://cesta.stanford.edu/events/past-events","","","January Finding and Using Maps Online Workshop","https://cesta.stanford.edu/events/january-finding-and-using-maps-online-workshop"
"1716323825-157","https://cesta.stanford.edu/events/past-events","","","Introduction to R: Digital Tools and Methods for Humanities and Social Sciences","https://cesta.stanford.edu/events/introduction-r-digital-tools-and-methods-humanities-and-social-sciences"
"1716323825-158","https://cesta.stanford.edu/events/past-events","","","Lightning Talks with CIDR","https://cesta.stanford.edu/events/lightning-talks-cidr-1"
"1716323825-159","https://cesta.stanford.edu/events/past-events","","","Introduction to Python: Digital Tools and Methods for Humanities and Social Sciences","https://cesta.stanford.edu/events/introduction-python-digital-tools-and-methods-humanities-and-social-sciences-0"
"1716323825-160","https://cesta.stanford.edu/events/past-events","","","Digital Rasanblaj: Disassembling the Haitian Archive","https://cesta.stanford.edu/events/digital-rasanblaj-disassembling-haitian-archive"
"1716323825-161","https://cesta.stanford.edu/events/past-events","","","Carpentries @ Stanford - R Visualization","https://cesta.stanford.edu/events/carpentries-stanford-r-visualization-0"
"1716323825-162","https://cesta.stanford.edu/events/past-events","","","Thursday Stanford Geospatial Center Office(less) Hours","https://cesta.stanford.edu/events/thursday-stanford-geospatial-center-officeless-hours"
"1716323825-163","https://cesta.stanford.edu/events/past-events","","","November Finding and Using Maps Online Workshop","https://cesta.stanford.edu/events/november-finding-and-using-maps-online-workshop"
"1716323825-164","https://cesta.stanford.edu/events/past-events","","","Professor Gordon Chang and Dr. Roland Hsu on the Chinese Railroad Workers in North America Project","https://cesta.stanford.edu/events/professor-gordon-chang-and-dr-roland-hsu-chinese-railroad-workers-north-america-project"
"1716323825-165","https://cesta.stanford.edu/events/past-events","","","Carpentries @ Stanford - Python Data Science","https://cesta.stanford.edu/events/carpentries-stanford-python-data-science"
"1716323825-166","https://cesta.stanford.edu/events/past-events","","","Thursday Stanford Geospatial Center Office(less) Hours","https://cesta.stanford.edu/events/thursday-stanford-geospatial-center-officeless-hours-0"
"1716323825-167","https://cesta.stanford.edu/events/past-events","","","Nanibaa' Garrison, UCLA and Krystal Tsosie, Vanderbilt; Ethics, Genomes, and Indigenous Communities","https://cesta.stanford.edu/events/nanibaa-garrison-ucla-and-krystal-tsosie-vanderbilt-ethics-genomes-and-indigenous"
"1716323825-168","https://cesta.stanford.edu/events/past-events","","","Carpentries @ Stanford - Python Machine Learning","https://cesta.stanford.edu/events/carpentries-stanford-python-machine-learning"
"1716323825-169","https://cesta.stanford.edu/events/past-events","","","Mapping Indigenous Land: Native Land Grants in Colonial New Spain","https://cesta.stanford.edu/events/mapping-indigenous-land-native-land-grants-colonial-new-spain"
"1716323825-170","https://cesta.stanford.edu/events/past-events","","","Carpentries @ Stanford & SRCC - High Performance Computing Introduction","https://cesta.stanford.edu/events/carpentries-stanford-srcc-high-performance-computing-introduction"
"1716323825-171","https://cesta.stanford.edu/events/past-events","","","Thursday Stanford Geospatial Center Office(less) Hours","https://cesta.stanford.edu/events/thursday-stanford-geospatial-center-officeless-hours-1"
"1716323825-172","https://cesta.stanford.edu/events/past-events","","","Discorrelation, or: Images between Algorithms and Aesthetics","https://cesta.stanford.edu/events/discorrelation-or-images-between-algorithms-and-aesthetics"
"1716323825-173","https://cesta.stanford.edu/events/past-events","","","Carpentries @ Stanford - R Introduction","https://cesta.stanford.edu/events/carpentries-stanford-r-introduction"
"1716323825-174","https://cesta.stanford.edu/events/past-events","","","Thursday Stanford Geospatial Center Office(less) Hours","https://cesta.stanford.edu/events/thursday-stanford-geospatial-center-officeless-hours-2"
"1716323825-175","https://cesta.stanford.edu/events/past-events","","","Lightning Talks with CIDR","https://cesta.stanford.edu/events/lightning-talks-cidr-2"
"1716323825-176","https://cesta.stanford.edu/events/past-events","","","A Company of Authors","https://cesta.stanford.edu/events/company-authors"
"1716323825-177","https://cesta.stanford.edu/events/past-events","","","Modeling Mesoamerica: Origins & Originality in a Teaching Collection","https://cesta.stanford.edu/events/modeling-mesoamerica-origins-originality-teaching-collection"
"1716323825-178","https://cesta.stanford.edu/events/past-events","","","Thursday Stanford Geospatial Center Office(less) Hours","https://cesta.stanford.edu/events/thursday-stanford-geospatial-center-officeless-hours-3"
"1716323825-179","https://cesta.stanford.edu/events/past-events","","","October Finding and Using Maps Online Workshop","https://cesta.stanford.edu/events/october-finding-and-using-maps-online-workshop"
"1716323825-180","https://cesta.stanford.edu/events/past-events","","","Data Manipulation w/ Python and Pandas: Digital Tools and Methods for Humanities and Social Sciences","https://cesta.stanford.edu/events/data-manipulation-w-python-and-pandas-digital-tools-and-methods-humanities-and-social"
"1716323825-181","https://cesta.stanford.edu/events/past-events","","","Modeling Mesoamerica: Origins and Opportunity in a Digital Exhibit","https://cesta.stanford.edu/events/modeling-mesoamerica-origins-and-opportunity-digital-exhibit"
"1716323825-182","https://cesta.stanford.edu/events/past-events","","","Thursday Stanford Geospatial Center Office(less) Hours","https://cesta.stanford.edu/events/thursday-stanford-geospatial-center-officeless-hours-4"
"1716323825-183","https://cesta.stanford.edu/events/past-events","","","Carpentries @ Stanford - Python Introduction","https://cesta.stanford.edu/events/carpentries-stanford-python-introduction-0"
"1716323825-184","https://cesta.stanford.edu/events/past-events","","","Graduate Professionalization Workshop for Digital Humanists","https://cesta.stanford.edu/events/graduate-professionalization-workshop-digital-humanists"
"1716323825-185","https://cesta.stanford.edu/events/past-events","","","Data Practices: Challenge","https://cesta.stanford.edu/events/data-practices-challenge"
"1716323825-186","https://cesta.stanford.edu/events/past-events","","","Distant Reading the Law","https://cesta.stanford.edu/events/distant-reading-law"
"1716323825-187","https://cesta.stanford.edu/events/past-events","","","Data Practices: Conference","https://cesta.stanford.edu/events/data-practices-conference"
"1716323825-188","https://cesta.stanford.edu/events/past-events","","","Lightning Talks with CIDR","https://cesta.stanford.edu/events/lightning-talks-cidr-3"
"1716323825-189","https://cesta.stanford.edu/events/past-events","","","Poetic Media Lab: A Digital Humanities Hub","https://cesta.stanford.edu/events/poetic-media-lab-digital-humanities-hub"
"1716323825-190","https://cesta.stanford.edu/events/past-events","","","CESTA Virtual Kickoff","https://cesta.stanford.edu/events/cesta-virtual-kickoff"
"1716323825-191","https://cesta.stanford.edu/events/past-events","","","CESTA Seminar | R. Midura & E. Kim, ""The Traveler's Companion: International Currency & Mileage...""","https://cesta.stanford.edu/events/cesta-seminar-r-midura-e-kim-travelers-companion-international-currency-mileage"
"1716323825-192","https://cesta.stanford.edu/events/past-events","","","A Gentle Introduction to AI: Digital Tools and Methods for the Humanities and Social Sciences","https://cesta.stanford.edu/events/gentle-introduction-ai-digital-tools-and-methods-humanities-and-social-sciences"
"1716323825-193","https://cesta.stanford.edu/events/past-events","","","CESTA Seminar | The Literary Lab, ""Writing and Epidemic""","https://cesta.stanford.edu/events/cesta-seminar-literary-lab-writing-and-epidemic"
"1716323825-194","https://cesta.stanford.edu/events/past-events","","","The Cairo Geniza in the Digital Age: A Webinar with Marina Rustow","https://cesta.stanford.edu/events/cairo-geniza-digital-age-webinar-marina-rustow"
"1716323825-195","https://cesta.stanford.edu/events/past-events","","","CESTA Seminar | M. Saldaña, ""The Rio Grande Settlers: a family history, 1577–1848""","https://cesta.stanford.edu/events/cesta-seminar-m-saldana-rio-grande-settlers-family-history-1577-1848"
"1716323825-196","https://cesta.stanford.edu/events/past-events","","","CESTA Seminar | B. Albritton, ""Manuscript Fragments in the Stanford Collections: Digital Afterlives""","https://cesta.stanford.edu/events/cesta-seminar-b-albritton-manuscript-fragments-stanford-collections-digital-afterlives"
"1716323825-197","https://cesta.stanford.edu/events/past-events","","","CESTA Seminar | F. Favino ""Mapping Galileo's legacy: the 'Borelli Galaxy' project""","https://cesta.stanford.edu/events/cesta-seminar-f-favino-mapping-galileos-legacy-borelli-galaxy-project"
"1716323825-198","https://cesta.stanford.edu/events/past-events","","","CESTA Seminar | L. Stokes ""Murder, Metadata, and Moral persuasion: early modern discourses on...""","https://cesta.stanford.edu/events/cesta-seminar-l-stokes-murder-metadata-and-moral-persuasion-early-modern-discourses"
"1716323825-199","https://cesta.stanford.edu/events/past-events","","","Fragments and Fragmentology in the Twenty-First Century: A Webinar with Lisa Fagin Davis","https://cesta.stanford.edu/events/fragments-and-fragmentology-twenty-first-century-webinar-lisa-fagin-davis"
"1716323825-200","https://cesta.stanford.edu/events/past-events","","","CESTA Seminar | M. Algee-Hewitt ""The Afterlife of Aesthetics""","https://cesta.stanford.edu/events/cesta-seminar-m-algee-hewitt-afterlife-aesthetics"
"1716323825-201","https://cesta.stanford.edu/events/past-events","","","Text Technologies Online Workshop with Bill Endres","https://cesta.stanford.edu/events/text-technologies-online-workshop-bill-endres"
"1716323825-202","https://cesta.stanford.edu/events/past-events","","","CANCELED - CESTA Seminar | C. Brown on ""'It Don't Mean a Thing If It Ain't Got That Swing': Reframing Black...""","https://cesta.stanford.edu/events/canceled-cesta-seminar-c-brown-it-dont-mean-thing-if-it-aint-got-swing-reframing-black"
"1716323825-203","https://cesta.stanford.edu/events/past-events","","","Intro to Data Visualization with R: Digital Tools and Methods for the Humanities and Social Sciences","https://cesta.stanford.edu/events/intro-data-visualization-r-digital-tools-and-methods-humanities-and-social-sciences"
"1716323825-204","https://cesta.stanford.edu/events/past-events","","","Intermediate Python: Going Beyond Basic Commands","https://cesta.stanford.edu/events/intermediate-python-going-beyond-basic-commands"
"1716323825-205","https://cesta.stanford.edu/events/past-events","","","Introduction To R","https://cesta.stanford.edu/events/introduction-r"
"1716323825-206","https://cesta.stanford.edu/events/past-events","","","CESTA Seminar | F. Mazzini ""Hams, phreaks, hackers: a genealogy of participatory cultures...""","https://cesta.stanford.edu/events/cesta-seminar-f-mazzini-hams-phreaks-hackers-genealogy-participatory-cultures"
"1716323825-207","https://cesta.stanford.edu/events/past-events","","","Beginning Python","https://cesta.stanford.edu/events/beginning-python"
"1716323825-208","https://cesta.stanford.edu/events/past-events","","","Working with Network Data in Gephi: Digital Tools and Methods for the Humanities and Social Sciences","https://cesta.stanford.edu/events/working-network-data-gephi-digital-tools-and-methods-humanities-and-social-sciences"
"1716323825-209","https://cesta.stanford.edu/events/past-events","","","Using Spatial Data with R: Digital Tools and Methods for the Humanities and Social Sciences","https://cesta.stanford.edu/events/using-spatial-data-r-digital-tools-and-methods-humanities-and-social-sciences"
"1716323825-210","https://cesta.stanford.edu/events/past-events","","","CESTA Seminar | R. Wall ""Slave Liberations in French West Africa, 1850-1905: A (Very) Preliminary..""","https://cesta.stanford.edu/events/cesta-seminar-r-wall-slave-liberations-french-west-africa-1850-1905-very-preliminary"
"1716323825-211","https://cesta.stanford.edu/events/past-events","","","CESTA Seminar | A. Wermer-Colan ""The SF Nexus: Digitizing, Curating, and Modeling Mass-Market...""","https://cesta.stanford.edu/events/cesta-seminar-wermer-colan-sf-nexus-digitizing-curating-and-modeling-mass-market"
"1716323825-212","https://cesta.stanford.edu/events/past-events","","","Intro to Machine Learning with Python: Digital Tools and Methods for Humanities and Social Sciences","https://cesta.stanford.edu/events/intro-machine-learning-python-digital-tools-and-methods-humanities-and-social-sciences"
"1716323825-213","https://cesta.stanford.edu/events/past-events","","","Intermediate R: TBD","https://cesta.stanford.edu/events/intermediate-r-tbd"
"1716323825-214","https://cesta.stanford.edu/events/past-events","","","The 1891 Lectures in the Humanities: Ato Quayson","https://cesta.stanford.edu/events/1891-lectures-humanities-ato-quayson"
"1716323825-215","https://cesta.stanford.edu/events/past-events","","","Data Wrangling with OpenRefine: Digital Tools and Methods for the Humanities and Social Sciences","https://cesta.stanford.edu/events/data-wrangling-openrefine-digital-tools-and-methods-humanities-and-social-sciences"
"1716323825-216","https://cesta.stanford.edu/events/past-events","","","CESTA Seminar | J. Pohlmann ""The IT-Blog Sphere and Its Discussion of Transatlantic Internet Policy""","https://cesta.stanford.edu/events/cesta-seminar-j-pohlmann-it-blog-sphere-and-its-discussion-transatlantic-internet-policy"
"1716323825-217","https://cesta.stanford.edu/events/past-events","","","Intermediate Python: Pandas","https://cesta.stanford.edu/events/intermediate-python-pandas"
"1716323825-218","https://cesta.stanford.edu/events/past-events","","","Introduction to Python: Digital Tools and Methods for the Humanities and Social Sciences","https://cesta.stanford.edu/events/introduction-python-digital-tools-and-methods-humanities-and-social-sciences-1"
"1716323825-219","https://cesta.stanford.edu/events/past-events","","","Version Control With Git","https://cesta.stanford.edu/events/version-control-git"
"1716323825-220","https://cesta.stanford.edu/events/past-events","","","CESTA Seminar | ""Harry Potter and the Global Phenomenon of Fanfic""","https://cesta.stanford.edu/events/cesta-seminar-harry-potter-and-global-phenomenon-fanfic"
"1716323825-221","https://cesta.stanford.edu/events/past-events","","","Introduction to R: Digital Tools and Methods for the Humanities and Social Sciences","https://cesta.stanford.edu/events/introduction-r-digital-tools-and-methods-humanities-and-social-sciences-0"
"1716323825-222","https://cesta.stanford.edu/events/past-events","","","Celebrating the Burke Collection at Stanford Libraries - A Symposium","https://cesta.stanford.edu/events/celebrating-burke-collection-stanford-libraries-symposium"
"1716323825-223","https://cesta.stanford.edu/events/past-events","","","Dr. B. Algee-Hewitt on ""Technology Evolutions and Research Revolutions""","https://cesta.stanford.edu/events/dr-b-algee-hewitt-technology-evolutions-and-research-revolutions"
"1716323825-224","https://cesta.stanford.edu/events/past-events","","","HAI Workshop: Uncertainty in AI Situations","https://cesta.stanford.edu/events/hai-workshop-uncertainty-ai-situations"
"1716323825-225","https://cesta.stanford.edu/events/past-events","","","Public Release and Exhibition: Tracing The Arctic Regions","https://cesta.stanford.edu/events/public-release-and-exhibition-tracing-arctic-regions"
"1716323825-226","https://cesta.stanford.edu/events/past-events","","","CESTA Seminar | Dr. Katie McDonough","https://cesta.stanford.edu/events/cesta-seminar-dr-katie-mcdonough"
"1716323825-227","https://cesta.stanford.edu/events/past-events","","","Digital Tools and Methods for the Humanities and Social Sciences: Zotero and Tropy","https://cesta.stanford.edu/events/digital-tools-and-methods-humanities-and-social-sciences-zotero-and-tropy"
"1716323825-228","https://cesta.stanford.edu/events/past-events","","","A Cloud Computing Primer","https://cesta.stanford.edu/events/cloud-computing-primer"
"1716323825-229","https://cesta.stanford.edu/events/past-events","","","GISDay@Stanford","https://cesta.stanford.edu/events/gisdaystanford"
"1716323825-230","https://cesta.stanford.edu/events/past-events","","","Intermediate Python: Going Beyond Basic Commands","https://cesta.stanford.edu/events/intermediate-python-going-beyond-basic-commands-0"
"1716323825-231","https://cesta.stanford.edu/events/past-events","","","Digital Tools and Methods for the Humanities and Social Sciences: Text Analysis with Python","https://cesta.stanford.edu/events/digital-tools-and-methods-humanities-and-social-sciences-text-analysis-python"
"1716323825-232","https://cesta.stanford.edu/events/past-events","","","Introduction To R","https://cesta.stanford.edu/events/introduction-r-0"
"1716323825-233","https://cesta.stanford.edu/events/past-events","","","Early Modern Recipe Transcribathon","https://cesta.stanford.edu/events/early-modern-recipe-transcribathon"
"1716323825-234","https://cesta.stanford.edu/events/past-events","","","Digital Tools and Methods for the Humanities and Social Sciences: Text Analysis with R","https://cesta.stanford.edu/events/digital-tools-and-methods-humanities-and-social-sciences-text-analysis-r"
"1716323825-235","https://cesta.stanford.edu/events/past-events","","","Nicole Coleman - Are You Worried About Data Bias? Invest in Libraries","https://cesta.stanford.edu/events/nicole-coleman-are-you-worried-about-data-bias-invest-libraries"
"1716323825-236","https://cesta.stanford.edu/events/past-events","","","Introduction To Python","https://cesta.stanford.edu/events/introduction-python"
"1716323825-237","https://cesta.stanford.edu/events/past-events","","","Center for Spatial and Textual Analysis Tour (Reunion Homecoming)","https://cesta.stanford.edu/events/center-spatial-and-textual-analysis-tour-reunion-homecoming"
"1716323825-238","https://cesta.stanford.edu/events/past-events","","","CESTA Seminar Series with Agnieszka Backman","https://cesta.stanford.edu/events/cesta-seminar-series-agnieszka-backman"
"1716323825-239","https://cesta.stanford.edu/events/past-events","","","CESTA Seminar Series with Dr. Rowan Dorin, Thawsitt Naing, and Clara Romani","https://cesta.stanford.edu/events/cesta-seminar-series-dr-rowan-dorin-thawsitt-naing-and-clara-romani"
"1716323825-240","https://cesta.stanford.edu/events/past-events","","","CESTA Seminar Series with Rachel Midura","https://cesta.stanford.edu/events/cesta-seminar-series-rachel-midura"
"1716323825-241","https://cesta.stanford.edu/events/past-events","","","Symposium on Women/Gender Minorities in Print/Publishing in the 20th Century","https://cesta.stanford.edu/events/symposium-womengender-minorities-printpublishing-20th-century"
"1716323825-242","https://cesta.stanford.edu/events/past-events","","","Women and Gender Minorities in Digital Humanities Collegium","https://cesta.stanford.edu/events/women-and-gender-minorities-digital-humanities-collegium"
"1716323825-243","https://cesta.stanford.edu/events/past-events","","","Women and Gender Minorities in Digital Humanities Collegium","https://cesta.stanford.edu/events/women-and-gender-minorities-digital-humanities-collegium-0"
"1716323825-244","https://cesta.stanford.edu/events/past-events","","","Women and Gender Minorities in Digital Humanities Collegium","https://cesta.stanford.edu/events/women-and-gender-minorities-digital-humanities-collegium-1"
"1716323825-245","https://cesta.stanford.edu/events/past-events","","","Finding and Using Social Media Data","https://cesta.stanford.edu/events/finding-and-using-social-media-data"
"1716323825-246","https://cesta.stanford.edu/events/past-events","","","Launch Event for The Chinese Deathscape Digital Project","https://cesta.stanford.edu/events/launch-event-chinese-deathscape-digital-project"
"1716323825-247","https://cesta.stanford.edu/events/past-events","","","Digital Humanities Showcase","https://cesta.stanford.edu/events/digital-humanities-showcase"
"1716323825-248","https://cesta.stanford.edu/events/past-events","","","CESTA Seminar Series with Gordon Chang and Shelley Fisher Fishkin","https://cesta.stanford.edu/events/cesta-seminar-series-gordon-chang-and-shelley-fisher-fishkin"
"1716323825-249","https://cesta.stanford.edu/events/past-events","","","Introduction To Git & GitHub For Organizing Your Stuff","https://cesta.stanford.edu/events/introduction-git-github-organizing-your-stuff"
"1716323825-250","https://cesta.stanford.edu/events/past-events","","","Introduction to Machine Learning with Python","https://cesta.stanford.edu/events/introduction-machine-learning-python"
"1716323825-251","https://cesta.stanford.edu/events/past-events","","","CESTA Seminar Series with Luca Scholz","https://cesta.stanford.edu/events/cesta-seminar-series-luca-scholz"
"1716323825-252","https://cesta.stanford.edu/events/past-events","","","Text Analysis with R","https://cesta.stanford.edu/events/text-analysis-r"
"1716323825-253","https://cesta.stanford.edu/events/past-events","","","CESTA Seminar Series with Ge Wang","https://cesta.stanford.edu/events/cesta-seminar-series-ge-wang"
"1716323825-254","https://cesta.stanford.edu/events/past-events","","","Introduction To The Shell & Command Line","https://cesta.stanford.edu/events/introduction-shell-command-line"
"1716323825-255","https://cesta.stanford.edu/events/past-events","","","Data Visualization with Tableau","https://cesta.stanford.edu/events/data-visualization-tableau"
"1716323825-256","https://cesta.stanford.edu/events/past-events","","","CESTA Seminar Series with the Josquin Music Project - Jesse Rodin, Craig Sapp, and Christina Ding","https://cesta.stanford.edu/events/cesta-seminar-series-josquin-music-project-jesse-rodin-craig-sapp-and-christina-ding"
"1716323825-257","https://cesta.stanford.edu/events/past-events","","","Introduction To R","https://cesta.stanford.edu/events/introduction-r-1"
"1716323825-258","https://cesta.stanford.edu/events/past-events","","","Data Manipulation with R (Tidyverse)","https://cesta.stanford.edu/events/data-manipulation-r-tidyverse"
"1716323825-259","https://cesta.stanford.edu/events/past-events","","","CESTA Seminar Series with George Philip LeBourdais","https://cesta.stanford.edu/events/cesta-seminar-series-george-philip-lebourdais"
"1716323825-260","https://cesta.stanford.edu/events/past-events","","","Workshop on Digital Humanities to Preserve Knowledge and Cultural Heritage","https://cesta.stanford.edu/events/workshop-digital-humanities-preserve-knowledge-and-cultural-heritage"
"1716323825-261","https://cesta.stanford.edu/events/past-events","","","150th Anniversary of the Golden Spike: Chinese Workers and the Transcontinental Railroad","https://cesta.stanford.edu/events/150th-anniversary-golden-spike-chinese-workers-and-transcontinental-railroad"
"1716323825-262","https://cesta.stanford.edu/events/past-events","","","CESTA Seminar Series with Rosetta","https://cesta.stanford.edu/events/cesta-seminar-series-rosetta"
"1716323825-263","https://cesta.stanford.edu/events/past-events","","","Urban Legacy of Ancient Rome: The Ernest Nash and Rodolfo Lanciani Collections Public Release and Exhibit Opening","https://cesta.stanford.edu/events/urban-legacy-ancient-rome-ernest-nash-and-rodolfo-lanciani-collections-public-release-and"
"1716323825-264","https://cesta.stanford.edu/events/past-events","","","Data Modeling: From Research Materials to Data","https://cesta.stanford.edu/events/data-modeling-research-materials-data"
"1716323825-265","https://cesta.stanford.edu/events/past-events","","","Sesquicentennial Celebration of the Completion of the Transcontinental Railroad featuring the 66-foot-long Judah Map | Talks by Richard White and Hilton Obenzinger","https://cesta.stanford.edu/events/sesquicentennial-celebration-completion-transcontinental-railroad-featuring-66-foot-long"
"1716323825-266","https://cesta.stanford.edu/events/past-events","","","Documenting Workflow and Data Management","https://cesta.stanford.edu/events/documenting-workflow-and-data-management"
"1716323825-267","https://cesta.stanford.edu/events/past-events","","","CESTA Seminar Series with Elaine Treharne,  Alice Staveley, Giovanna Ceserani, and Quinn Dombrowski","https://cesta.stanford.edu/events/cesta-seminar-series-elaine-treharne-alice-staveley-giovanna-ceserani-and-quinn-dombrowski"
"1716323825-268","https://cesta.stanford.edu/events/past-events","","","CANCELED - CESTA Seminar Series with Jure Leskovec","https://cesta.stanford.edu/events/canceled-cesta-seminar-series-jure-leskovec"
"1716323825-269","https://cesta.stanford.edu/events/past-events","","","CESTA Seminar Series with Elaine Treharne, Alice Staveley, and Quinn Dombrowski","https://cesta.stanford.edu/events/cesta-seminar-series-elaine-treharne-alice-staveley-and-quinn-dombrowski"
"1716323825-270","https://cesta.stanford.edu/events/past-events","","","Introduction to Unix and Git for Academics","https://cesta.stanford.edu/events/introduction-unix-and-git-academics"
"1716323825-271","https://cesta.stanford.edu/events/past-events","","","CESTA Seminar Series with Abby Rumsey","https://cesta.stanford.edu/events/cesta-seminar-series-abby-rumsey"
"1716323825-272","https://cesta.stanford.edu/events/past-events","","","AI, Humanities & the Arts Workshop","https://cesta.stanford.edu/events/ai-humanities-arts-workshop"
"1716323825-273","https://cesta.stanford.edu/events/past-events","","","CESTA Seminar Series with James Zou","https://cesta.stanford.edu/events/cesta-seminar-series-james-zou"
"1716323825-274","https://cesta.stanford.edu/events/past-events","","","R for GIS","https://cesta.stanford.edu/events/r-gis"
"1716323825-275","https://cesta.stanford.edu/events/past-events","","","Hands-on Intro to SQL (Structured Query Language)","https://cesta.stanford.edu/events/hands-intro-sql-structured-query-language"
"1716323825-276","https://cesta.stanford.edu/events/past-events","","","Introduction to R","https://cesta.stanford.edu/events/introduction-r-2"
"1716323825-277","https://cesta.stanford.edu/events/past-events","","","CESTA Seminar Series with Estelle Freedman, Natalie Jean Marine-Street, Katie McDonough, and Hilary Sun","https://cesta.stanford.edu/events/cesta-seminar-series-estelle-freedman-natalie-jean-marine-street-katie-mcdonough-and-hilary"
"1716323825-278","https://cesta.stanford.edu/events/past-events","","","Topics in Geographic Text Analysis","https://cesta.stanford.edu/events/topics-geographic-text-analysis"
"1716323825-279","https://cesta.stanford.edu/events/past-events","","","CESTA Seminar Series with Lena Zlock","https://cesta.stanford.edu/events/cesta-seminar-series-lena-zlock"
"1716323825-280","https://cesta.stanford.edu/events/past-events","","","CESTA Seminar Series with James T. Hamilton","https://cesta.stanford.edu/events/cesta-seminar-series-james-t-hamilton-0"
"1716323825-281","https://cesta.stanford.edu/events/past-events","","","CESTA Seminar Series with James T. Hamilton","https://cesta.stanford.edu/events/cesta-seminar-series-james-t-hamilton"
"1716323825-282","https://cesta.stanford.edu/events/past-events","","","Climbing Snowy Aetna: antiquity, travel, and the collecting of knowledge","https://cesta.stanford.edu/events/climbing-snowy-aetna-antiquity-travel-and-collecting-knowledge"
"1716323825-283","https://cesta.stanford.edu/events/past-events","","","Giovanna Ceserani (Stanford), ""Climbing Snowy Aetna: antiquity, travel and the collecting of knowledge""","https://cesta.stanford.edu/events/giovanna-ceserani-stanford-climbing-snowy-aetna-antiquity-travel-and-collecting-knowledge"
"1716323825-284","https://cesta.stanford.edu/events/past-events","","","Geographic Text Analysis","https://cesta.stanford.edu/events/geographic-text-analysis"
"1716323825-285","https://cesta.stanford.edu/events/past-events","","","Machine Learning with Python","https://cesta.stanford.edu/events/machine-learning-python"
"1716323825-286","https://cesta.stanford.edu/events/past-events","","","CESTA Seminar Series with Dr. Bridget Whearty","https://cesta.stanford.edu/events/cesta-seminar-series-dr-bridget-whearty"
"1716323825-287","https://cesta.stanford.edu/events/past-events","","","CESTA Seminar Series with Dr. Michael Penn","https://cesta.stanford.edu/events/cesta-seminar-series-dr-michael-penn"
"1716323825-288","https://cesta.stanford.edu/events/past-events","","","Introduction to Git & GitHub for Organizing Your Stuff","https://cesta.stanford.edu/events/introduction-git-github-organizing-your-stuff-0"
"1716323825-289","https://cesta.stanford.edu/events/past-events","","","Sarah E. Bond (U. of Iowa), ""Signs of the Times: Fighting the Alt-Right with Public History and Classics""","https://cesta.stanford.edu/events/sarah-e-bond-u-iowa-signs-times-fighting-alt-right-public-history-and-classics"
"1716323825-290","https://cesta.stanford.edu/events/past-events","","","Intro to NVivo: Setup, Coding, Queries","https://cesta.stanford.edu/events/intro-nvivo-setup-coding-queries"
"1716323825-291","https://cesta.stanford.edu/events/past-events","","","CESTA Seminar Series with Dr. Londa Schiebinger","https://cesta.stanford.edu/events/cesta-seminar-series-dr-londa-schiebinger"
"1716323825-292","https://cesta.stanford.edu/events/past-events","","","Hands-on Intro to Data Cleaning with OpenRefine","https://cesta.stanford.edu/events/hands-intro-data-cleaning-openrefine"
"1716323825-293","https://cesta.stanford.edu/events/past-events","","","Introduction to Stata","https://cesta.stanford.edu/events/introduction-stata"
"1716323825-294","https://cesta.stanford.edu/events/past-events","","","CESTA Seminar Series with Dr. Dan Jurafsky","https://cesta.stanford.edu/events/cesta-seminar-series-dr-dan-jurafsky"
"1716323825-295","https://cesta.stanford.edu/events/past-events","","","Information, Intelligent Machines, and New Knowledge","https://cesta.stanford.edu/events/information-intelligent-machines-and-new-knowledge"
"1716323825-296","https://cesta.stanford.edu/events/past-events","","","Hands-on Intro to SQL (Structured Query Language)","https://cesta.stanford.edu/events/hands-intro-sql-structured-query-language-0"
"1716323825-297","https://cesta.stanford.edu/events/past-events","","","Data Wrangling in Python with Pandas","https://cesta.stanford.edu/events/data-wrangling-python-pandas"
"1716323825-298","https://cesta.stanford.edu/events/past-events","","","CESTA Seminar with Christina Hodge","https://cesta.stanford.edu/events/cesta-seminar-christina-hodge"
"1716323825-299","https://cesta.stanford.edu/events/past-events","","","CESTA Seminar Series with Dr. Christina Hodge","https://cesta.stanford.edu/events/cesta-seminar-series-dr-christina-hodge"
"1716323825-300","https://cesta.stanford.edu/events/past-events","","","Qualitative Research Tools: NVivo, RQDA, Python with Alesia Montgomery","https://cesta.stanford.edu/events/qualitative-research-tools-nvivo-rqda-python-alesia-montgomery"
"1716323825-301","https://cesta.stanford.edu/events/past-events","","","Reproducible Research with R by Claudia Engel","https://cesta.stanford.edu/events/reproducible-research-r-claudia-engel"
"1716323825-302","https://cesta.stanford.edu/events/past-events","","","Gear Up for Social Science Data Extravaganza","https://cesta.stanford.edu/events/gear-social-science-data-extravaganza"
"1716323825-303","https://cesta.stanford.edu/events/past-events","","","Hands-on Intro to Data Cleaning with OpenRefine","https://cesta.stanford.edu/events/hands-intro-data-cleaning-openrefine-0"
"1716323825-304","https://cesta.stanford.edu/events/past-events","","","Data Wrangling in R with Tidyverse","https://cesta.stanford.edu/events/data-wrangling-r-tidyverse"
"1716323825-305","https://cesta.stanford.edu/events/past-events","","","CESTA Seminar with Mateusz Fafinski","https://cesta.stanford.edu/events/cesta-seminar-mateusz-fafinski"
"1716323825-306","https://cesta.stanford.edu/events/past-events","","","CESTA Seminar Series with Mateusz Fafinski","https://cesta.stanford.edu/events/cesta-seminar-series-mateusz-fafinski"
"1716323825-307","https://cesta.stanford.edu/events/past-events","","","Discover Funding Opportunities and Grant Awards","https://cesta.stanford.edu/events/discover-funding-opportunities-and-grant-awards"
"1716323825-308","https://cesta.stanford.edu/events/past-events","","","Discover Funding Opportunities and Grant Awards","https://cesta.stanford.edu/events/discover-funding-opportunities-and-grant-awards-0"
"1716323825-309","https://cesta.stanford.edu/events/past-events","","","2-Day Software Carpentry Python/Git/Shell Workshop","https://cesta.stanford.edu/events/2-day-software-carpentry-pythongitshell-workshop"
"1716323825-310","https://cesta.stanford.edu/events/past-events","","","2-Day Software Carpentry Python/Git/Shell Workshop","https://cesta.stanford.edu/events/2-day-software-carpentry-pythongitshell-workshop-0"
"1716323825-311","https://cesta.stanford.edu/events/past-events","","","Taking Charge of Your Education: Pathways for Humanities PhDs","https://cesta.stanford.edu/events/taking-charge-your-education-pathways-humanities-phds"
"1716323825-312","https://cesta.stanford.edu/events/past-events","","","Introduction to Python","https://cesta.stanford.edu/events/introduction-python-0"
"1716323825-313","https://cesta.stanford.edu/events/past-events","","","CESTA Seminar with Dr. Laura McGrath of the Literary Lab","https://cesta.stanford.edu/events/cesta-seminar-dr-laura-mcgrath-literary-lab"
"1716323825-314","https://cesta.stanford.edu/events/past-events","","","Hands-on Intro to SQL (Structured Query Language)","https://cesta.stanford.edu/events/hands-intro-sql-structured-query-language-1"
"1716323825-315","https://cesta.stanford.edu/events/past-events","","","Introduction to R","https://cesta.stanford.edu/events/introduction-r-3"
"1716323825-316","https://cesta.stanford.edu/events/past-events","","","Academic Job Search: Overview & Analyzing Job Postings (PhDs & Postdocs)","https://cesta.stanford.edu/events/academic-job-search-overview-analyzing-job-postings-phds-postdocs"
"1716323825-317","https://cesta.stanford.edu/events/past-events","","","Resume Lab (PhDs & Postdocs)","https://cesta.stanford.edu/events/resume-lab-phds-postdocs"
"1716323825-318","https://cesta.stanford.edu/events/past-events","","","Sustainable Infrastructures for Digital Arts & Humanities: An International DARIAH Exchange","https://cesta.stanford.edu/events/sustainable-infrastructures-digital-arts-humanities-international-dariah-exchange"
"1716323825-319","https://cesta.stanford.edu/events/past-events","","","Sustainable Infrastructures for Digital Arts & Humanities: An International DARIAH Exchange","https://cesta.stanford.edu/events/sustainable-infrastructures-digital-arts-humanities-international-dariah-exchange-0"
"1716323825-320","https://cesta.stanford.edu/events/past-events","","","Sustainable Infrastructures for Digital Arts & Humanities: An International DARIAH Exchange","https://cesta.stanford.edu/events/sustainable-infrastructures-digital-arts-humanities-international-dariah-exchange-1"
"1716323825-321","https://cesta.stanford.edu/events/past-events","","","CESTA Summer Research Showcase 2018","https://cesta.stanford.edu/events/cesta-summer-research-showcase-2018"
"1716323825-322","https://cesta.stanford.edu/events/past-events","","","Dr. Eugénia Cunha | Practical guidelines for the routine practice in forensic anthropology, with an emphasis on some of the challenges particular to practice in Europe.","https://cesta.stanford.edu/events/dr-eugenia-cunha-practical-guidelines-routine-practice-forensic-anthropology-emphasis-some"
"1716323825-323","https://cesta.stanford.edu/events/past-events","","","Dr. Lyle W. Konisgberg | It's not a Scandal. It's Statistics.","https://cesta.stanford.edu/events/dr-lyle-w-konisgberg-its-not-scandal-its-statistics"
"1716323825-324","https://cesta.stanford.edu/events/past-events","","","2018 CESTA Summer Research Internship Program Begins","https://cesta.stanford.edu/events/2018-cesta-summer-research-internship-program-begins"
"1716323825-325","https://cesta.stanford.edu/events/past-events","","","Mining the Asia Directory & Chronicle: A New Exploration of the Foreign Presence in Asia (1863-1934)","https://cesta.stanford.edu/events/mining-asia-directory-chronicle-new-exploration-foreign-presence-asia-1863-1934"
"1716323825-326","https://cesta.stanford.edu/events/past-events","","","Digital Humanities Graduate Research Showcase","https://cesta.stanford.edu/events/digital-humanities-graduate-research-showcase"
"1716323825-327","https://cesta.stanford.edu/events/past-events","","","Making the Most of Your Summer Workshop","https://cesta.stanford.edu/events/making-most-your-summer-workshop"
"1716323825-328","https://cesta.stanford.edu/events/past-events","","","Introduction to Webscraping with Python","https://cesta.stanford.edu/events/introduction-webscraping-python"
"1716323825-329","https://cesta.stanford.edu/events/past-events","","","CESTA Poster Symposium","https://cesta.stanford.edu/events/cesta-poster-symposium-0"
"1716323825-330","https://cesta.stanford.edu/events/past-events","","","CESTA Poster Symposium","https://cesta.stanford.edu/events/cesta-poster-symposium"
"1716323825-331","https://cesta.stanford.edu/events/past-events","","","Data Storytelling with Thematic Maps: The Design Genius of Charles Joseph Minard","https://cesta.stanford.edu/events/data-storytelling-thematic-maps-design-genius-charles-joseph-minard"
"1716323825-332","https://cesta.stanford.edu/events/past-events","","","When and Why to Use a Database for Humanities Research","https://cesta.stanford.edu/events/when-and-why-use-database-humanities-research"
"1716323825-333","https://cesta.stanford.edu/events/past-events","","","Talk by Molly Roy | “But don't we know where everything is?”: How to Map the Rest of It","https://cesta.stanford.edu/events/talk-molly-roy-dont-we-know-where-everything-how-map-rest-it"
"1716323825-334","https://cesta.stanford.edu/events/past-events","","","Introduction to Natural Language Processing (NLP) with Python","https://cesta.stanford.edu/events/introduction-natural-language-processing-nlp-python"
"1716323825-335","https://cesta.stanford.edu/events/past-events","","","CESTA Seminar | Gisch & Parker ""Museums, Media, and Memory in South Africa""","https://cesta.stanford.edu/events/cesta-seminar-gisch-parker-museums-media-and-memory-south-africa"
"1716323825-336","https://cesta.stanford.edu/events/past-events","","","Art and Culture on the US-Mexico Border: 2,000 Miles of Imagination that Unite and Divide Us","https://cesta.stanford.edu/events/art-and-culture-us-mexico-border-2000-miles-imagination-unite-and-divide-us"
"1716323825-337","https://cesta.stanford.edu/events/past-events","","","Ana Raquel Minian on her new book ""Undocumented Lives: The Untold Story of Mexican Immigration""","https://cesta.stanford.edu/events/ana-raquel-minian-her-new-book-undocumented-lives-untold-story-mexican-immigration"
"1716323825-338","https://cesta.stanford.edu/events/past-events","","","CESTA Seminar | Aster & Murphy Kao ""'Travel Through Time: Japan'—A Digital Exhibit Powered by Stanford Libraries' Open-Source Technologies""","https://cesta.stanford.edu/events/cesta-seminar-aster-murphy-kao-travel-through-time-japan-digital-exhibit-powered-stanford"
"1716323825-339","https://cesta.stanford.edu/events/past-events","","","CESTA Seminar | ""The Digital Humanities Graduate Research Fellows Program: Past, Present, Future""","https://cesta.stanford.edu/events/cesta-seminar-digital-humanities-graduate-research-fellows-program-past-present-future"
"1716323825-340","https://cesta.stanford.edu/events/past-events","","","Data Visualization with Python","https://cesta.stanford.edu/events/data-visualization-python"
"1716323825-341","https://cesta.stanford.edu/events/past-events","","","Data Visualization with R","https://cesta.stanford.edu/events/data-visualization-r"
"1716323825-342","https://cesta.stanford.edu/events/past-events","","","CESTA Seminar | Gordon & Steiner ""Visualizing long-term changes in spatial ecology""","https://cesta.stanford.edu/events/cesta-seminar-gordon-steiner-visualizing-long-term-changes-spatial-ecology"
"1716323825-343","https://cesta.stanford.edu/events/past-events","","","CESTA Seminar | McDonough ""Anachronism in Spatial History""","https://cesta.stanford.edu/events/cesta-seminar-mcdonough-anachronism-spatial-history"
"1716323825-344","https://cesta.stanford.edu/events/past-events","","","CESTA Seminar | Cooley, Toledano & Yıldırım ""Experts, Informants, Environments: Global Nature Studies in a Digital Age""","https://cesta.stanford.edu/events/cesta-seminar-cooley-toledano-yildirim-experts-informants-environments-global-nature-studies"
"1716323825-345","https://cesta.stanford.edu/events/past-events","","","CMEMS Workshop | Georgia Henley ""Memory and Violence: Welsh Elegiac Poetry for English Readers""","https://cesta.stanford.edu/events/cmems-workshop-georgia-henley-memory-and-violence-welsh-elegiac-poetry-english-readers"
"1716323825-346","https://cesta.stanford.edu/events/past-events","","","CESTA Seminar | Z. Frank ""Urbanization and its discontents: a broad view of the problem of eviction and displacement""","https://cesta.stanford.edu/events/cesta-seminar-z-frank-urbanization-and-its-discontents-broad-view-problem-eviction-and"
"1716323825-347","https://cesta.stanford.edu/events/past-events","","","CESTA Seminar | M. Maryl ""Digital Literary Studies with Polish Accent""","https://cesta.stanford.edu/events/cesta-seminar-m-maryl-digital-literary-studies-polish-accent"
"1716323825-348","https://cesta.stanford.edu/events/past-events","","","CESTA Seminar | A. Liu & A. Lunn ""Spatial Approaches to Understanding Institutional and Material Change in Asia: The Cases of Banking in China and Household Sanitation Adoption in India""","https://cesta.stanford.edu/events/cesta-seminar-liu-lunn-spatial-approaches-understanding-institutional-and-material-change"
"1716323825-349","https://cesta.stanford.edu/events/past-events","","","CESTA Seminar | G. Worthey ""Tom Sawyer, Librarian.  Or, Whitewashing the DH Book Collection.""","https://cesta.stanford.edu/events/cesta-seminar-g-worthey-tom-sawyer-librarian-or-whitewashing-dh-book-collection"
"1716323825-350","https://cesta.stanford.edu/events/past-events","","","CESTA Seminar | A. Smith & E. Treharne ""Digitizing Textual Objects: Best Practice, Worst Practice""","https://cesta.stanford.edu/events/cesta-seminar-smith-e-treharne-digitizing-textual-objects-best-practice-worst-practice"
"1716323825-351","https://cesta.stanford.edu/events/past-events","","","Compatibilities: Quantification and Literary Study","https://cesta.stanford.edu/events/compatibilities-quantification-and-literary-study"
"1716323825-352","https://cesta.stanford.edu/events/past-events","","","Venture: Humanities & Sciences Opportunities","https://cesta.stanford.edu/events/venture-humanities-sciences-opportunities"
"1716323825-353","https://cesta.stanford.edu/events/past-events","","","CESTA Seminar | C. Brown ""A walk with Horton in the 19th century using virtual reality and geospatial tools""","https://cesta.stanford.edu/events/cesta-seminar-c-brown-walk-horton-19th-century-using-virtual-reality-and-geospatial-tools"
"1716323825-354","https://cesta.stanford.edu/events/past-events","","","Linked Pasts III: New Voices, Old Places","https://cesta.stanford.edu/events/linked-pasts-iii-new-voices-old-places"
"1716323825-355","https://cesta.stanford.edu/events/past-events","","","Linked Pasts III: New Voices, Old Places","https://cesta.stanford.edu/events/linked-pasts-iii-new-voices-old-places-0"
"1716323825-356","https://cesta.stanford.edu/events/past-events","","","Linked Pasts III: New Voices, Old Places","https://cesta.stanford.edu/events/linked-pasts-iii-new-voices-old-places-1"
"1716323825-357","https://cesta.stanford.edu/events/past-events","","","The Matter of Medieval Manuscripts","https://cesta.stanford.edu/events/matter-medieval-manuscripts"
"1716323825-358","https://cesta.stanford.edu/events/past-events","","","CESTA End-of-Quarter Party","https://cesta.stanford.edu/events/cesta-end-quarter-party"
"1716323825-359","https://cesta.stanford.edu/events/past-events","","","CESTA Seminar | C. Armand ""MADSpace, a digital platform devoted to the spatial history of advertising in modern Shanghai (1905-1949)""","https://cesta.stanford.edu/events/cesta-seminar-c-armand-madspace-digital-platform-devoted-spatial-history-advertising-modern"
"1716323825-360","https://cesta.stanford.edu/events/past-events","","","CESTA Seminar | M. Widner ""The Future of Distant Reading? Models and Scholarly Editions""","https://cesta.stanford.edu/events/cesta-seminar-m-widner-future-distant-reading-models-and-scholarly-editions"
"1716323825-361","https://cesta.stanford.edu/events/past-events","","","Livestream: B. Pentcheva ""Re-Animating the Past: The Lost Voice of Hagia Sophia""","https://cesta.stanford.edu/events/livestream-b-pentcheva-re-animating-past-lost-voice-hagia-sophia"
"1716323825-362","https://cesta.stanford.edu/events/past-events","","","CESTA Seminar | G. Henley, E. Treharne, M. Lyons-Penner, S. Brisbois ""Digital Medieval Studies in 2017: precedents, pathways, futures""","https://cesta.stanford.edu/events/cesta-seminar-g-henley-e-treharne-m-lyons-penner-s-brisbois-digital-medieval-studies-2017"
"1716323825-363","https://cesta.stanford.edu/events/past-events","","","CIDR Workshop: Data Manipulation with Python","https://cesta.stanford.edu/events/cidr-workshop-data-manipulation-python"
"1716323825-364","https://cesta.stanford.edu/events/past-events","","","CESTA Seminar | L. Scholz ""Mapping Mobility. Towards a Spatial History of the Old Reich""","https://cesta.stanford.edu/events/cesta-seminar-l-scholz-mapping-mobility-towards-spatial-history-old-reich"
"1716323825-365","https://cesta.stanford.edu/events/past-events","","","CIDR Workshop: Introduction to R","https://cesta.stanford.edu/events/cidr-workshop-introduction-r"
"1716323825-366","https://cesta.stanford.edu/events/past-events","","","Fellows' and Graduates' Wine and Cheese Happy Hour at CESTA","https://cesta.stanford.edu/events/fellows-and-graduates-wine-and-cheese-happy-hour-cesta"
"1716323825-367","https://cesta.stanford.edu/events/past-events","","","CESTA Seminar | M. Algee-Hewitt, S. Douris, & J.D. Porter | Roundtable Discussion of Fleming on Distant Reading and Exemplary Reading","https://cesta.stanford.edu/events/cesta-seminar-m-algee-hewitt-s-douris-jd-porter-roundtable-discussion-fleming-distant"
"1716323825-368","https://cesta.stanford.edu/events/past-events","","","Lit Lab Welcomes New Graduate Students","https://cesta.stanford.edu/events/lit-lab-welcomes-new-graduate-students"
"1716323825-369","https://cesta.stanford.edu/events/past-events","","","Second Workshop of the Grand Tour Project","https://cesta.stanford.edu/events/second-workshop-grand-tour-project"
"1716323825-370","https://cesta.stanford.edu/events/past-events","","","Final Presentation Showcase for the Summer 2017 CESTA Undergraduate Research Program (Session 2)","https://cesta.stanford.edu/events/final-presentation-showcase-summer-2017-cesta-undergraduate-research-program-session-2"
"1716323825-371","https://cesta.stanford.edu/events/past-events","","","Final Presentation Showcase for the Summer 2017 CESTA Undergraduate Research Program (Session 1)","https://cesta.stanford.edu/events/final-presentation-showcase-summer-2017-cesta-undergraduate-research-program-session-1"
"1716323825-372","https://cesta.stanford.edu/events/past-events","","","CESTA Seminar | Grant Parker -- South Africa's Many Media of Forgetfulness","https://cesta.stanford.edu/events/cesta-seminar-grant-parker-south-africas-many-media-forgetfulness"
"1716323825-373","https://cesta.stanford.edu/events/past-events","","","A Crisis of Trust in China's Era of “Big Data” | DHAsia Presents","https://cesta.stanford.edu/events/crisis-trust-chinas-era-big-data-dhasia-presents"
"1716323825-374","https://cesta.stanford.edu/events/past-events","","","The Transformation of the Chinese Political Elite: Discovering Macrohistorical Changes with Digital Methods | DHAsia Presents Song Chen","https://cesta.stanford.edu/events/transformation-chinese-political-elite-discovering-macrohistorical-changes-digital-methods"
"1716323825-375","https://cesta.stanford.edu/events/past-events","","","CESTA Seminar | J.D. Porter & Hannah Walser ""Text Mining for Race and Ethnicity in American Fiction: 1789-1964""","https://cesta.stanford.edu/events/cesta-seminar-jd-porter-hannah-walser-text-mining-race-and-ethnicity-american-fiction-1789"
"1716323825-376","https://cesta.stanford.edu/events/past-events","","","Spatial History Project Working Group | Benjamin P. Hein ""The Frankfurt Stock Exchange, ca. 1875: a spatial history""","https://cesta.stanford.edu/events/spatial-history-project-working-group-benjamin-p-hein-frankfurt-stock-exchange-ca-1875"
"1716323825-377","https://cesta.stanford.edu/events/past-events","","","DHAsia Presents | Parallels and Allusions in Early Chinese Texts: A Digital Approach, by Donald Sturgeon","https://cesta.stanford.edu/events/dhasia-presents-parallels-and-allusions-early-chinese-texts-digital-approach-donald-sturgeon"
"1716323825-378","https://cesta.stanford.edu/events/past-events","","","CESTA Seminar | Nicholas Jenkins ""17.28 Minutes in Flickr: amassing a visual archive for Kindred London""","https://cesta.stanford.edu/events/cesta-seminar-nicholas-jenkins-1728-minutes-flickr-amassing-visual-archive-kindred-london"
"1716323825-379","https://cesta.stanford.edu/events/past-events","","","CESTA Seminar | Ali Yaycıoǧlu & Antonis Hadjikyriacou ""Mapping Ottoman Greece: space, power, and empire""","https://cesta.stanford.edu/events/cesta-seminar-ali-yaycioglu-antonis-hadjikyriacou-mapping-ottoman-greece-space-power-and"
"1716323825-380","https://cesta.stanford.edu/events/past-events","","","Literary Lab Conference | ""Findings: is computation changing the study of history and literature?""","https://cesta.stanford.edu/events/literary-lab-conference-findings-computation-changing-study-history-and-literature"
"1716323825-381","https://cesta.stanford.edu/events/past-events","","","Literary Lab Conference | ""Findings: is computation changing the study of history and literature?""","https://cesta.stanford.edu/events/literary-lab-conference-findings-computation-changing-study-history-and-literature-0"
"1716323825-382","https://cesta.stanford.edu/events/past-events","","","DHAsia Presents | Transforming the Archives of Chinese Religion and Medicine, by Michael Stanley-Baker","https://cesta.stanford.edu/events/dhasia-presents-transforming-archives-chinese-religion-and-medicine-michael-stanley-baker"
"1716323825-383","https://cesta.stanford.edu/events/past-events","","","Graduate Certificate in Digital Humanities Capstone Presentations –– C.S. Edmondson & R.C. Midura","https://cesta.stanford.edu/events/graduate-certificate-digital-humanities-capstone-presentations-cs-edmondson-rc-midura"
"1716323825-384","https://cesta.stanford.edu/events/past-events","","","""Acoustics at the Intersection of Architecture and Music: The Caveau Phonocamptique of Noyon Cathedral""","https://cesta.stanford.edu/events/acoustics-intersection-architecture-and-music-caveau-phonocamptique-noyon-cathedral"
"1716323825-385","https://cesta.stanford.edu/events/past-events","","","G. da Guia: ""Mapping Discourses and Capital Flows in Latin America and the Caribbean: the Inter-American Development Bank Experience in Cultural Heritage Management"" (Spatial History Project Working Group)","https://cesta.stanford.edu/events/g-da-guia-mapping-discourses-and-capital-flows-latin-america-and-caribbean-inter-american"
"1716323825-386","https://cesta.stanford.edu/events/past-events","","","D. Johnson & I. Johnson: ""The Tremulator"" (Text Technologies)","https://cesta.stanford.edu/events/d-johnson-i-johnson-tremulator-text-technologies"
"1716323825-387","https://cesta.stanford.edu/events/past-events","","","Dan Edelstein & Nicole Coleman -- ""A Better Way to Build a Humanities Data Set""","https://cesta.stanford.edu/events/dan-edelstein-nicole-coleman-better-way-build-humanities-data-set"
"1716323825-388","https://cesta.stanford.edu/events/past-events","","","Thirteen ways of seeing: Building varying digital narratives from interconnected science archives","https://cesta.stanford.edu/events/thirteen-ways-seeing-building-varying-digital-narratives-interconnected-science-archives"
"1716323825-389","https://cesta.stanford.edu/events/past-events","","","DHAsia Presents | Moveable Feasts: Street Food in the 21st Century City, by Anna Greenspan","https://cesta.stanford.edu/events/dhasia-presents-moveable-feasts-street-food-21st-century-city-anna-greenspan"
"1716323825-390","https://cesta.stanford.edu/events/past-events","","","Susan Elizabeth Gagliardi: ""Mapping Senufo: Visualizing Time- and Place-Based Information about Historical Arts of West Africa""","https://cesta.stanford.edu/events/susan-elizabeth-gagliardi-mapping-senufo-visualizing-time-and-place-based-information-about"
"1716323825-391","https://cesta.stanford.edu/events/past-events","","","DHAsia Presents | Eurasia's Historical Space of Palimpsest: Desert, Border, Riparian and Steppe, by Manu P. Sobti","https://cesta.stanford.edu/events/dhasia-presents-eurasias-historical-space-palimpsest-desert-border-riparian-and-steppe-manu"
"1716323825-392","https://cesta.stanford.edu/events/past-events","","","Anna Foka-- ""Digital Pasts 2017: a Status Quo on Visualizing History""","https://cesta.stanford.edu/events/anna-foka-digital-pasts-2017-status-quo-visualizing-history"
"1716323825-393","https://cesta.stanford.edu/events/past-events","","","Brian Johnsrud: ""Using Digital Methods to Find 'the Reader' in Literary Criticism and the Reception of Contemporary Literature""","https://cesta.stanford.edu/events/brian-johnsrud-using-digital-methods-find-reader-literary-criticism-and-reception"
"1716323825-394","https://cesta.stanford.edu/events/past-events","","","Alice Staveley, Michael Widner & Helen Southworth: ""Book History Meets Digital Humanities: Designing for the Diasporic Archive in The Modernist Archives Publishing Project (MAPP)""","https://cesta.stanford.edu/events/alice-staveley-michael-widner-helen-southworth-book-history-meets-digital-humanities"
"1716323825-395","https://cesta.stanford.edu/events/past-events","","","DHAsia Presents | New Media and Spectatorship in East Asia: Over-Titling, Augmentation, and Intruding Texts, by Chen Jianqing (UC Berkeley)","https://cesta.stanford.edu/events/dhasia-presents-new-media-and-spectatorship-east-asia-over-titling-augmentation-and"
"1716323825-396","https://cesta.stanford.edu/events/past-events","","","Shelley Fisher Fishkin & Gabriel Wolfenstein-- ""Listening to Silence, Seeing Absence: The Challenge of Reconstructing Chinese Railroad Workers' Lives""","https://cesta.stanford.edu/events/shelley-fisher-fishkin-gabriel-wolfenstein-listening-silence-seeing-absence-challenge"
"1716323825-397","https://cesta.stanford.edu/events/past-events","","","DHAsia Presents | Diasporas Online: A Mixed Methods Approach to Sikh and Tamil Identity Politics, by Priya Kumar","https://cesta.stanford.edu/events/dhasia-presents-diasporas-online-mixed-methods-approach-sikh-and-tamil-identity-politics"
"1716323825-398","https://cesta.stanford.edu/events/past-events","","","Giovanna Ceserani: ""The Grand Tour Explorer: creating a dynamic and interactive digital resource for the study of eighteenth-century travel to Italy""","https://cesta.stanford.edu/events/giovanna-ceserani-grand-tour-explorer-creating-dynamic-and-interactive-digital-resource"
"1716323825-399","https://cesta.stanford.edu/events/past-events","","","Fibra Workshop - Tools for Humanities Research","https://cesta.stanford.edu/events/fibra-workshop-tools-humanities-research"
"1716323825-400","https://cesta.stanford.edu/events/past-events","","","Nicholas Jenkins and Erik Steiner-- Soft City: A Biomorphic Map of London","https://cesta.stanford.edu/events/nicholas-jenkins-and-erik-steiner-soft-city-biomorphic-map-london"
"1716323825-401","https://cesta.stanford.edu/events/past-events","","","CANCELED - Shelley Fisher Fishkin and the Chinese Railroad Workers Project --Listening to Silence, Seeing Absence: The Challenge of Reconstructing Chinese Railroad Workers' Lives","https://cesta.stanford.edu/events/canceled-shelley-fisher-fishkin-and-chinese-railroad-workers-project-listening-silence"
"1716323825-402","https://cesta.stanford.edu/events/past-events","","","Fredrik Norén: Text Mining the History of Information Politics Through Thousands of Swedish Governmental Reports","https://cesta.stanford.edu/events/fredrik-noren-text-mining-history-information-politics-through-thousands-swedish"
"1716323825-403","https://cesta.stanford.edu/events/past-events","","","Mark Algee-Hewett: Distributed Character: Quantitative Models of the English Stage, 1500-1920","https://cesta.stanford.edu/events/mark-algee-hewett-distributed-character-quantitative-models-english-stage-1500-1920"
"1716323825-404","https://cesta.stanford.edu/events/past-events","","","Tom Mullaney on Type Design and Empire (CESTA Seminar Series)","https://cesta.stanford.edu/events/tom-mullaney-type-design-and-empire-cesta-seminar-series"
"1716323825-405","https://cesta.stanford.edu/events/past-events","","","[Rescheduled!] Welcome Reception","https://cesta.stanford.edu/events/rescheduled-welcome-reception"
"1716323825-406","https://cesta.stanford.edu/events/past-events","","","Mapping Rome ... Not in a Day","https://cesta.stanford.edu/events/mapping-rome-not-day"
"1716323825-407","https://cesta.stanford.edu/events/past-events","","","CESTA Undergraduate Research Showcase","https://cesta.stanford.edu/events/cesta-undergraduate-research-showcase"
